product_number;status;source_list;compare_list;Authentifizierung_und_Virentestung_Intern::Product;Authentifizierung_und_Virentestung_Intern::Freeze date;Datenbank_Import_05052026::Designation
300694;missing_in_Datenbank_Import_05052026;Authentifizierung und Virentestung Intern.csv;Datenbank_Import_05052026.csv;Human Melanocytes, Adult;20.07.2018;
300697;missing_in_Datenbank_Import_05052026;Authentifizierung und Virentestung Intern.csv;Datenbank_Import_05052026.csv;Human Subcutaneous Pre-Adipocytes;17.01.2018;
300706;missing_in_Datenbank_Import_05052026;Authentifizierung und Virentestung Intern.csv;Datenbank_Import_05052026.csv;HROC16;;
300707;missing_in_Datenbank_Import_05052026;Authentifizierung und Virentestung Intern.csv;Datenbank_Import_05052026.csv;HROC158;;
300708;missing_in_Datenbank_Import_05052026;Authentifizierung und Virentestung Intern.csv;Datenbank_Import_05052026.csv;B-LCL-HROC110;;
300709;missing_in_Datenbank_Import_05052026;Authentifizierung und Virentestung Intern.csv;Datenbank_Import_05052026.csv;HROP101;;
300730;missing_in_Datenbank_Import_05052026;Authentifizierung und Virentestung Intern.csv;Datenbank_Import_05052026.csv;HROC54;;
300760;missing_in_Datenbank_Import_05052026;Authentifizierung und Virentestung Intern.csv;Datenbank_Import_05052026.csv;HROLu22;;
300762;missing_in_Datenbank_Import_05052026;Authentifizierung und Virentestung Intern.csv;Datenbank_Import_05052026.csv;HROC403;;
300763;missing_in_Datenbank_Import_05052026;Authentifizierung und Virentestung Intern.csv;Datenbank_Import_05052026.csv;HROC400;;
300764;missing_in_Datenbank_Import_05052026;Authentifizierung und Virentestung Intern.csv;Datenbank_Import_05052026.csv;HROC252;;
300790;missing_in_Datenbank_Import_05052026;Authentifizierung und Virentestung Intern.csv;Datenbank_Import_05052026.csv;HROC425;;
300791;missing_in_Datenbank_Import_05052026;Authentifizierung und Virentestung Intern.csv;Datenbank_Import_05052026.csv;HROC405;;
300792;missing_in_Datenbank_Import_05052026;Authentifizierung und Virentestung Intern.csv;Datenbank_Import_05052026.csv;HROC449;;
300794;missing_in_Datenbank_Import_05052026;Authentifizierung und Virentestung Intern.csv;Datenbank_Import_05052026.csv;HROC501;;
300795;missing_in_Datenbank_Import_05052026;Authentifizierung und Virentestung Intern.csv;Datenbank_Import_05052026.csv;HROC245;;
300797;missing_in_Datenbank_Import_05052026;Authentifizierung und Virentestung Intern.csv;Datenbank_Import_05052026.csv;HROC152;;
300798;missing_in_Datenbank_Import_05052026;Authentifizierung und Virentestung Intern.csv;Datenbank_Import_05052026.csv;HROC211;;
300833;missing_in_Datenbank_Import_05052026;Authentifizierung und Virentestung Intern.csv;Datenbank_Import_05052026.csv;HROC531Met1;;
300841;missing_in_Datenbank_Import_05052026;Authentifizierung und Virentestung Intern.csv;Datenbank_Import_05052026.csv;HROC372;;
300842;missing_in_Datenbank_Import_05052026;Authentifizierung und Virentestung Intern.csv;Datenbank_Import_05052026.csv;HROC288;;
300843;missing_in_Datenbank_Import_05052026;Authentifizierung und Virentestung Intern.csv;Datenbank_Import_05052026.csv;HROC29;;
300844;missing_in_Datenbank_Import_05052026;Authentifizierung und Virentestung Intern.csv;Datenbank_Import_05052026.csv;HROC119;;
300847;missing_in_Datenbank_Import_05052026;Authentifizierung und Virentestung Intern.csv;Datenbank_Import_05052026.csv;HROC112;;
300900;missing_in_Datenbank_Import_05052026;Authentifizierung und Virentestung Intern.csv;Datenbank_Import_05052026.csv;HROC188;;
300914;missing_in_Datenbank_Import_05052026;Authentifizierung und Virentestung Intern.csv;Datenbank_Import_05052026.csv;HROM14;;
300962;missing_in_Datenbank_Import_05052026;Authentifizierung und Virentestung Intern.csv;Datenbank_Import_05052026.csv;HROC66;;
300963;missing_in_Datenbank_Import_05052026;Authentifizierung und Virentestung Intern.csv;Datenbank_Import_05052026.csv;HROC26;;
300964;missing_in_Datenbank_Import_05052026;Authentifizierung und Virentestung Intern.csv;Datenbank_Import_05052026.csv;HROC21;;
300965;missing_in_Datenbank_Import_05052026;Authentifizierung und Virentestung Intern.csv;Datenbank_Import_05052026.csv;HROC129;;
300968;missing_in_Datenbank_Import_05052026;Authentifizierung und Virentestung Intern.csv;Datenbank_Import_05052026.csv;HROC117;;
300969;missing_in_Datenbank_Import_05052026;Authentifizierung und Virentestung Intern.csv;Datenbank_Import_05052026.csv;HROC53;;
300970;missing_in_Datenbank_Import_05052026;Authentifizierung und Virentestung Intern.csv;Datenbank_Import_05052026.csv;HROC31;;
300971;missing_in_Datenbank_Import_05052026;Authentifizierung und Virentestung Intern.csv;Datenbank_Import_05052026.csv;HROC125;;
300972;missing_in_Datenbank_Import_05052026;Authentifizierung und Virentestung Intern.csv;Datenbank_Import_05052026.csv;HROC123;;
300974;missing_in_Datenbank_Import_05052026;Authentifizierung und Virentestung Intern.csv;Datenbank_Import_05052026.csv;HROC135;;
300976;missing_in_Datenbank_Import_05052026;Authentifizierung und Virentestung Intern.csv;Datenbank_Import_05052026.csv;HROC72Met1 T2 M9;;
300977;missing_in_Datenbank_Import_05052026;Authentifizierung und Virentestung Intern.csv;Datenbank_Import_05052026.csv;HROC37;;
300980;missing_in_Datenbank_Import_05052026;Authentifizierung und Virentestung Intern.csv;Datenbank_Import_05052026.csv;HROC65;;
300982;missing_in_Datenbank_Import_05052026;Authentifizierung und Virentestung Intern.csv;Datenbank_Import_05052026.csv;HROC25;;
302010;missing_in_Datenbank_Import_05052026;Authentifizierung und Virentestung Intern.csv;Datenbank_Import_05052026.csv;P3HR1;07.10.2019;
302044-M;missing_in_Datenbank_Import_05052026;Authentifizierung und Virentestung Intern.csv;Datenbank_Import_05052026.csv;B-LCL-HROC21, EBV negativ;;
302053;missing_in_Datenbank_Import_05052026;Authentifizierung und Virentestung Intern.csv;Datenbank_Import_05052026.csv;B-LCL-HROC285;03.09.2024;
3022014;missing_in_Datenbank_Import_05052026;Authentifizierung und Virentestung Intern.csv;Datenbank_Import_05052026.csv;B-LCL-CDG3;07.05.2022;
303371;missing_in_Datenbank_Import_05052026;Authentifizierung und Virentestung Intern.csv;Datenbank_Import_05052026.csv;V79-4;11.11.2021;
305152;missing_in_Datenbank_Import_05052026;Authentifizierung und Virentestung Intern.csv;Datenbank_Import_05052026.csv;PC-12 (undifferentiated)  Suspension;19.04.2023;
305971;missing_in_Datenbank_Import_05052026;Authentifizierung und Virentestung Intern.csv;Datenbank_Import_05052026.csv;CHO suspension adapted;;
400263;missing_in_Datenbank_Import_05052026;Authentifizierung und Virentestung Intern.csv;Datenbank_Import_05052026.csv;Lewis Lung (LLC1 CLS);27.04.2022;
601470;missing_in_Datenbank_Import_05052026;Authentifizierung und Virentestung Intern.csv;Datenbank_Import_05052026.csv;CV-1;23.03.2017;
605390;missing_in_Datenbank_Import_05052026;Authentifizierung und Virentestung Intern.csv;Datenbank_Import_05052026.csv;LS-CLS;07.07.2013;
610327;missing_in_Datenbank_Import_05052026;Authentifizierung und Virentestung Intern.csv;Datenbank_Import_05052026.csv;B15 (wt);29.10.2024;
610328;missing_in_Datenbank_Import_05052026;Authentifizierung und Virentestung Intern.csv;Datenbank_Import_05052026.csv;KCB (wt);16.10.2024;
610329;missing_in_Datenbank_Import_05052026;Authentifizierung und Virentestung Intern.csv;Datenbank_Import_05052026.csv;B15-GFP;02.12.2024;
NA;missing_in_Datenbank_Import_05052026;Authentifizierung und Virentestung Intern.csv;Datenbank_Import_05052026.csv;HROC46;;
